,missing_count,missing_percentage
name,0,0.0
phone,33,55.932203389830505
age,0,0.0
frequency,0,0.0
bought_online,0,0.0
safety_feeling,1,1.694915254237288
scam_experience,1,1.694915254237288
scam_story,0,0.0
top_concerns,2,3.389830508474576
stopped_using,2,3.389830508474576
cancelled_deal,2,3.389830508474576
wanted_features,2,3.389830508474576
price_willing,2,3.389830508474576
when_pay,1,1.694915254237288
trust_insight,0,0.0
timestamp,0,0.0
